Gender,selection_rate,true_positive_rate,count
0,0.7687140115163148,0.9400749063670412,1042.0
1,0.7037037037037037,0.935042735042735,837.0
