InternetAccess,selection_rate,true_positive_rate,count
0,0.4010152284263959,0.8208333333333333,591.0
1,0.8951863354037267,0.962478184991274,1288.0
